INSERT INTO company (id, name) VALUES (1, 'Cadillak');
INSERT INTO company (id, name) VALUES (2, 'Ferrari');
INSERT INTO company (id, name) VALUES (3, 'Porsche');
INSERT INTO company (id, name) VALUES (4, 'Audi');
INSERT INTO company (id, name) VALUES (5, 'Lamborghini');
INSERT INTO company (id, name) VALUES (6, 'Renault');
INSERT INTO company (id, name) VALUES (7, 'Chevrolet');
INSERT INTO company (id, name) VALUES (8, 'Jaguar');
INSERT INTO company (id, name) VALUES (9, 'Honda');
INSERT INTO company (id, name) VALUES (10, 'Ford');
INSERT INTO company (id, name) VALUES (11, 'Lexus');
INSERT INTO company (id, name) VALUES (12, 'BMW');
INSERT INTO company (id, name) VALUES (13, 'Citroën');
INSERT INTO company (id, name) VALUES (14, 'Toyota');
INSERT INTO company (id, name) VALUES (15, 'Bentley');
INSERT INTO company (id, name) VALUES (16, 'Subaru');
INSERT INTO company (id, name) VALUES (17, 'Nissan');
INSERT INTO company (id, name) VALUES (18, 'Peugot');
INSERT INTO company (id, name) VALUES (19, 'Hyundai');
INSERT INTO company (id, name) VALUES (20, 'Rolls Royce');

INSERT INTO wheel (unique_name, score, company_id) VALUES ('VOSSEN', 95, 5);
INSERT INTO wheel (unique_name, score, company_id) VALUES ('GRAM_LIGHTS', 91, 9);
INSERT INTO wheel (unique_name, score, company_id) VALUES ('KONIG', 50, 12);
INSERT INTO wheel (unique_name, score, company_id) VALUES ('WORK', 39, 19);
INSERT INTO wheel (unique_name, score, company_id) VALUES ('VOLK', 14, 9);
INSERT INTO wheel (unique_name, score, company_id) VALUES ('O_Z', 80, 8);
INSERT INTO wheel (unique_name, score, company_id) VALUES ('AMERICAN_RACING', 54, 7);
INSERT INTO wheel (unique_name, score, company_id) VALUES ('ENKEI', 76, 3);
INSERT INTO wheel (unique_name, score, company_id) VALUES ('RONAL', 33, 14);
INSERT INTO wheel (unique_name, score, company_id) VALUES ('BBS', 100, 16);

INSERT INTO car (id, door_count, wheel_unique_name, price, released_at) VALUES (1, 0, 'VOSSEN', 59000, null);
INSERT INTO car (id, door_count, wheel_unique_name, price, released_at) VALUES (2, 1, 'GRAM_LIGHTS', 84990, null);
INSERT INTO car (id, door_count, wheel_unique_name, price, released_at) VALUES (3, 1, 'GRAM_LIGHTS', 79995, '2013-01-15');
INSERT INTO car (id, door_count, wheel_unique_name, price, released_at) VALUES (4, 0, 'VOLK', 19600, '2012-08-01');
INSERT INTO car (id, door_count, wheel_unique_name, price, released_at) VALUES (5, 0, 'BBS', 65000, null);
INSERT INTO car (id, door_count, wheel_unique_name, price, released_at) VALUES (6, 0, 'ENKEI', 20050, '2006-12-29');
INSERT INTO car (id, door_count, wheel_unique_name, price, released_at) VALUES (7, 1, 'O_Z', 47100, null);
INSERT INTO car (id, door_count, wheel_unique_name, price, released_at) VALUES (8, 1, null, 9100, null);
INSERT INTO car (id, door_count, wheel_unique_name, price, released_at) VALUES (9, 1, null, 11900, null);
INSERT INTO car (id, door_count, wheel_unique_name, price, released_at) VALUES (10, 1, null, 8990, null);
